theta_idx,iteration,logLik
0,0,
0,1,-1833224
0,2,-1563933.4
0,3,-1506117.9
0,4,-1484213
0,5,-1474302.6
0,6,-1469066
0,7,-1465844.8
0,8,-1464026.5
0,9,-1462007.5
0,10,-1460634.1
0,11,-1460131.6
0,12,-1459242.5
0,13,-1458821.1
0,14,-1458316.4
0,15,-1457778.1
0,16,-1457185.9
0,17,-1456697.6
0,18,-1456342.5
0,19,-1455726.4
0,20,-1455436.6
0,21,-1455296.1
0,22,-1455093.8
0,23,-1455071.2
0,24,-1454943.1
0,25,-1454549.8
0,26,-1454108.5
0,27,-1454011.2
0,28,-1453884.8
0,29,-1453540.2
0,30,-1453174.5
0,31,-1453008
0,32,-1452909.5
0,33,-1452777.9
0,34,-1452652
0,35,-1452414
0,36,-1452345
0,37,-1452127
0,38,-1452277
0,39,-1452083.2
0,40,-1451927.2
0,41,-1451439.5
0,42,-1451435
0,43,-1451324.4
0,44,-1451167.5
0,45,-1451096
0,46,-1451103
0,47,-1450846
0,48,-1450836.8
0,49,-1450829.6
0,50,-1450629
0,51,-1450548
0,52,-1450530.5
0,53,-1450481.2
0,54,-1450307
0,55,-1450294
0,56,-1450301
0,57,-1450028.4
0,58,-1449900.9
0,59,-1449816.2
0,60,-1449838.1
0,61,-1449761.1
0,62,-1449649.8
0,63,-1449409.5
0,64,-1449346.8
0,65,-1449319.5
0,66,-1449453.1
0,67,-1449272.9
0,68,-1449411
0,69,-1449227.6
0,70,-1448959.5
0,71,-1448995.5
0,72,-1448889.6
0,73,-1448948.9
0,74,-1448653.5
0,75,-1448569.8
0,76,-1448785.2
0,77,-1448765.8
0,78,-1448549
0,79,-1448481.2
0,80,-1448479
0,81,-1448427.2
0,82,-1448260.8
0,83,-1448508.8
0,84,-1448116.9
0,85,-1448257.8
0,86,-1448211.1
0,87,-1448126
0,88,-1448033.6
0,89,-1448116.5
0,90,-1448001.5
0,91,-1448019
0,92,-1448055.8
0,93,-1447998.2
0,94,-1447882.2
0,95,-1447973.5
0,96,-1447888.2
0,97,-1447877.8
0,98,-1447854
0,99,-1447797
0,100,-1447628
0,101,-1447802.6
0,102,-1447540.6
0,103,-1447486.8
0,104,-1447436.4
0,105,-1447385.4
0,106,-1447340.9
0,107,-1447359
0,108,-1447255.1
0,109,-1447268.2
0,110,-1447399.2
0,111,-1447201.5
0,112,-1447122.5
0,113,-1447232.4
0,114,-1447081
0,115,-1447049.5
0,116,-1447199.2
0,117,-1447093.2
0,118,-1447044.4
0,119,-1446927.5
0,120,-1446954.5
0,121,-1446954
0,122,-1446861.4
0,123,-1446817
0,124,-1446886
0,125,-1446940.5
0,126,-1446771.8
0,127,-1446762.5
0,128,-1446695.2
0,129,-1446799
0,130,-1446645.9
0,131,-1446630.9
0,132,-1446625.8
0,133,-1446501.5
0,134,-1446508.5
0,135,-1446516
0,136,-1446522
0,137,-1446530.9
0,138,-1446400.9
0,139,-1446429
0,140,-1446316.8
0,141,-1446360.8
0,142,-1446447.1
0,143,-1446453.2
0,144,-1446386.6
0,145,-1446384.1
0,146,-1446264.2
0,147,-1446200.2
0,148,-1446199.5
0,149,-1446256.6
0,150,-1446325.8
0,151,-1446378.1
0,152,-1446198
0,153,-1446255
0,154,-1446191.5
0,155,-1446216.4
0,156,-1446113.1
0,157,-1446148.5
0,158,-1446260
0,159,-1446178.5
0,160,-1446111
0,161,-1446133.2
0,162,-1446076
0,163,-1446014.8
0,164,-1446051.5
0,165,-1446124
0,166,-1445976.8
0,167,-1445965.2
0,168,-1445969.8
0,169,-1445835.8
0,170,-1445946.9
0,171,-1445924.5
0,172,-1445949.5
0,173,-1445877.5
0,174,-1445889.8
0,175,-1445937.9
0,176,-1445934.6
0,177,-1445964.8
0,178,-1445832
0,179,-1445923
0,180,-1445809.6
0,181,-1445869
0,182,-1445831.5
0,183,-1445926.2
0,184,-1445788.8
0,185,-1445778.8
0,186,-1445766.8
0,187,-1445785.2
0,188,-1445699.2
0,189,-1445714.6
0,190,-1445897.5
0,191,-1445745.8
0,192,-1445754.5
0,193,-1445909
0,194,-1445774.8
0,195,-1445734.8
0,196,-1445796.6
0,197,-1445690.8
0,198,-1445657.1
0,199,-1445608
0,200,-1445704.5
1,0,
1,1,-1834159.8
1,2,-1570294.9
1,3,-1507555.2
1,4,-1487541.1
1,5,-1475863.1
1,6,-1469206
1,7,-1465523.5
1,8,-1463380.4
1,9,-1462045.1
1,10,-1460916.5
1,11,-1459689.6
1,12,-1458989.5
1,13,-1458282.8
1,14,-1458046.5
1,15,-1457447.8
1,16,-1456753.4
1,17,-1455992
1,18,-1455446.2
1,19,-1455277.5
1,20,-1454541.5
1,21,-1454473
1,22,-1454569.4
1,23,-1453972.6
1,24,-1453646.1
1,25,-1453783.6
1,26,-1453676.8
1,27,-1452941.8
1,28,-1452871.8
1,29,-1452743.6
1,30,-1452635.8
1,31,-1452473.5
1,32,-1452579.8
1,33,-1452254.8
1,34,-1452169.5
1,35,-1451977.9
1,36,-1451541.4
1,37,-1451498.5
1,38,-1451393.8
1,39,-1451305.2
1,40,-1451217.6
1,41,-1451347.5
1,42,-1451190.9
1,43,-1451064.6
1,44,-1451119.8
1,45,-1450903.8
1,46,-1450921.5
1,47,-1450655.2
1,48,-1450461
1,49,-1450360.4
1,50,-1450339.2
1,51,-1450418.6
1,52,-1450135.2
1,53,-1450014.5
1,54,-1449868.4
1,55,-1449913.5
1,56,-1449895.8
1,57,-1449885
1,58,-1449809.5
1,59,-1449622.4
1,60,-1449999.1
1,61,-1449843.1
1,62,-1449656.9
1,63,-1449458
1,64,-1449301
1,65,-1449207
1,66,-1449200.8
1,67,-1449286.5
1,68,-1449030.8
1,69,-1449124.4
1,70,-1449094.5
1,71,-1448769.2
1,72,-1448828.2
1,73,-1448828.2
1,74,-1448780.5
1,75,-1448634.1
1,76,-1448594.1
1,77,-1448658.8
1,78,-1448676.6
1,79,-1448609
1,80,-1448683.6
1,81,-1448426.8
1,82,-1448447.2
1,83,-1448300.2
1,84,-1448298.5
1,85,-1448252.4
1,86,-1448228
1,87,-1448134.5
1,88,-1448259.2
1,89,-1448197.5
1,90,-1447965.2
1,91,-1447930
1,92,-1448167.5
1,93,-1448012.2
1,94,-1447926
1,95,-1447936.5
1,96,-1447846.9
1,97,-1447900
1,98,-1447871.4
1,99,-1447687.8
1,100,-1447658.8
1,101,-1447659
1,102,-1447798
1,103,-1447676.2
1,104,-1447579.2
1,105,-1447606.5
1,106,-1447642
1,107,-1447515.1
1,108,-1447388.5
1,109,-1447191.8
1,110,-1447160.5
1,111,-1447135.9
1,112,-1447102.9
1,113,-1447157.2
1,114,-1447144.1
1,115,-1447071.5
1,116,-1447254.2
1,117,-1447272.8
1,118,-1446896.8
1,119,-1447014.8
1,120,-1446922.9
1,121,-1446858.4
1,122,-1446788.4
1,123,-1446927.8
1,124,-1446992
1,125,-1446752.2
1,126,-1446838.8
1,127,-1446805.8
1,128,-1446721.8
1,129,-1446925.9
1,130,-1446648.2
1,131,-1446795
1,132,-1446735
1,133,-1446620
1,134,-1446648.5
1,135,-1446688.5
1,136,-1446693
1,137,-1446529.2
1,138,-1446636.5
1,139,-1446773.2
1,140,-1446621.8
1,141,-1446514.9
1,142,-1446381.2
1,143,-1446637.5
1,144,-1446519.6
1,145,-1446562.6
1,146,-1446489.9
1,147,-1446580
1,148,-1446322.5
1,149,-1446305.8
1,150,-1446413.9
1,151,-1446334.2
1,152,-1446443.2
1,153,-1446295.5
1,154,-1446247
1,155,-1446292.9
1,156,-1446221.2
1,157,-1446204
1,158,-1446183.5
1,159,-1446251.4
1,160,-1446260.2
1,161,-1446158.1
1,162,-1446123.4
1,163,-1446125.8
1,164,-1446334.2
1,165,-1446133.5
1,166,-1446190.6
1,167,-1446032.5
1,168,-1446059
1,169,-1446050.2
1,170,-1446007.8
1,171,-1446017.5
1,172,-1445923.1
1,173,-1445905.8
1,174,-1445998.1
1,175,-1445795.4
1,176,-1446072.2
1,177,-1445895
1,178,-1445783
1,179,-1445832.8
1,180,-1446012.1
1,181,-1445630.2
1,182,-1445789
1,183,-1445849.4
1,184,-1445886.6
1,185,-1445707.5
1,186,-1445869.5
1,187,-1445847.6
1,188,-1445758.1
1,189,-1445775
1,190,-1445755.8
1,191,-1445802.5
1,192,-1445664
1,193,-1445686
1,194,-1445690
1,195,-1445699.2
1,196,-1445798.2
1,197,-1445707.8
1,198,-1445816.8
1,199,-1445790.5
1,200,-1445791.2
2,0,
2,1,-1831186.8
2,2,-1566190.1
2,3,-1504331.2
2,4,-1484080.8
2,5,-1475208.5
2,6,-1469968.5
2,7,-1466508.5
2,8,-1464380.8
2,9,-1462698.8
2,10,-1461129.6
2,11,-1460253.5
2,12,-1459232.4
2,13,-1458133.8
2,14,-1457487.2
2,15,-1456846.2
2,16,-1456468.5
2,17,-1455971.8
2,18,-1455605.5
2,19,-1455294
2,20,-1454918.8
2,21,-1454273.2
2,22,-1454312.2
2,23,-1454087.9
2,24,-1453757.5
2,25,-1453690
2,26,-1453174.6
2,27,-1453085.9
2,28,-1453027.2
2,29,-1452851.8
2,30,-1453061.5
2,31,-1452613.6
2,32,-1452255.9
2,33,-1451998.2
2,34,-1451896.9
2,35,-1451790.9
2,36,-1451699.8
2,37,-1451918.2
2,38,-1451505.5
2,39,-1451293.6
2,40,-1451188.6
2,41,-1450866.9
2,42,-1450944.5
2,43,-1450680.9
2,44,-1450838.8
2,45,-1450520.2
2,46,-1450511.8
2,47,-1450475.2
2,48,-1450530.9
2,49,-1450468.8
2,50,-1450419.2
2,51,-1450167
2,52,-1450094.5
2,53,-1450028.5
2,54,-1449993.5
2,55,-1449720.5
2,56,-1449893.1
2,57,-1449815.1
2,58,-1449563
2,59,-1449376.8
2,60,-1449498.2
2,61,-1449263.4
2,62,-1449361.2
2,63,-1449318.1
2,64,-1449179.8
2,65,-1449237.8
2,66,-1449249.5
2,67,-1448921.1
2,68,-1448958
2,69,-1448834.2
2,70,-1448829.9
2,71,-1448700.4
2,72,-1448503.5
2,73,-1448479.5
2,74,-1448557.8
2,75,-1448485.2
2,76,-1448473.5
2,77,-1448475
2,78,-1448370.2
2,79,-1448316
2,80,-1448235.1
2,81,-1448188
2,82,-1448210.1
2,83,-1448339.8
2,84,-1448051.8
2,85,-1448026.2
2,86,-1447790.8
2,87,-1447831.6
2,88,-1447830
2,89,-1447806.1
2,90,-1447880.8
2,91,-1447711.8
2,92,-1447594.5
2,93,-1447677.5
2,94,-1447594.1
2,95,-1447566.9
2,96,-1447401.8
2,97,-1447379.2
2,98,-1447400.4
2,99,-1447282.5
2,100,-1447422.1
2,101,-1447263.2
2,102,-1447168.9
2,103,-1447162
2,104,-1447232.5
2,105,-1447140.8
2,106,-1447162.1
2,107,-1447081.5
2,108,-1447195.9
2,109,-1447108.8
2,110,-1447025.6
2,111,-1447076
2,112,-1447071.4
2,113,-1447038.8
2,114,-1446948.6
2,115,-1446883.9
2,116,-1446786.6
2,117,-1446871.1
2,118,-1446799
2,119,-1446783.5
2,120,-1446808.5
2,121,-1446660.8
2,122,-1446776.5
2,123,-1446722.2
2,124,-1446594.4
2,125,-1446510.9
2,126,-1446581.6
2,127,-1446624.5
2,128,-1446531.5
2,129,-1446473.2
2,130,-1446448.2
2,131,-1446546.2
2,132,-1446380
2,133,-1446305.1
2,134,-1446366
2,135,-1446369
2,136,-1446384.8
2,137,-1446373.5
2,138,-1446249
2,139,-1446232.5
2,140,-1446234.5
2,141,-1446219.5
2,142,-1446358.2
2,143,-1446293.5
2,144,-1446104.1
2,145,-1446171
2,146,-1446035.9
2,147,-1445960
2,148,-1446013.5
2,149,-1446065.2
2,150,-1446106.2
2,151,-1445930.9
2,152,-1445915.8
2,153,-1445957.4
2,154,-1445874
2,155,-1445923.6
2,156,-1445896.8
2,157,-1446002.4
2,158,-1445969.4
2,159,-1445875
2,160,-1445886.1
2,161,-1445746
2,162,-1445912.2
2,163,-1445798.6
2,164,-1445820.8
2,165,-1445852.8
2,166,-1445750.2
2,167,-1445853
2,168,-1445836.1
2,169,-1445796.6
2,170,-1445781
2,171,-1445876.4
2,172,-1445660
2,173,-1445832.6
2,174,-1445761.5
2,175,-1445710.5
2,176,-1445607.8
2,177,-1445601.1
2,178,-1445625.5
2,179,-1445649.8
2,180,-1445656.9
2,181,-1445621.8
2,182,-1445601.6
2,183,-1445540.2
2,184,-1445487
2,185,-1445664.4
2,186,-1445604.1
2,187,-1445541
2,188,-1445561.4
2,189,-1445478.8
2,190,-1445636.2
2,191,-1445593.8
2,192,-1445640.2
2,193,-1445538.4
2,194,-1445481.8
2,195,-1445633
2,196,-1445468.5
2,197,-1445612
2,198,-1445444.6
2,199,-1445528.2
2,200,-1445542.8
3,0,
3,1,-1842415.5
3,2,-1575805.2
3,3,-1512892.2
3,4,-1489834.2
3,5,-1479533.5
3,6,-1472980
3,7,-1469193.5
3,8,-1466896.2
3,9,-1464805
3,10,-1463054.5
3,11,-1461780.2
3,12,-1460449.1
3,13,-1459785
3,14,-1459275.6
3,15,-1458771
3,16,-1457916.8
3,17,-1457501
3,18,-1456927.9
3,19,-1456836.1
3,20,-1456593
3,21,-1455867.2
3,22,-1455118.8
3,23,-1454869.8
3,24,-1454229.6
3,25,-1454175
3,26,-1453885.8
3,27,-1453512.8
3,28,-1453727
3,29,-1453532.5
3,30,-1452987.1
3,31,-1452846.5
3,32,-1452739.2
3,33,-1452614.5
3,34,-1452421.5
3,35,-1452357.5
3,36,-1452475.4
3,37,-1452069.2
3,38,-1452039.5
3,39,-1451677
3,40,-1451980
3,41,-1451724
3,42,-1451553
3,43,-1451358.8
3,44,-1451465.2
3,45,-1451252.6
3,46,-1450910.5
3,47,-1450813.9
3,48,-1450715.4
3,49,-1450651.2
3,50,-1450653.5
3,51,-1450606.2
3,52,-1450587.8
3,53,-1450552.9
3,54,-1450428.5
3,55,-1450386.4
3,56,-1450271.5
3,57,-1450236.8
3,58,-1449910.6
3,59,-1449923
3,60,-1449855.8
3,61,-1449738.1
3,62,-1449864.5
3,63,-1449548.5
3,64,-1449698
3,65,-1449483.1
3,66,-1449271.8
3,67,-1449343
3,68,-1449340
3,69,-1449166.2
3,70,-1449225.5
3,71,-1449100.4
3,72,-1449186.2
3,73,-1448953.5
3,74,-1449013.9
3,75,-1448771.4
3,76,-1448734.4
3,77,-1448804.1
3,78,-1448704.4
3,79,-1448592.2
3,80,-1448597.2
3,81,-1448636.6
3,82,-1448600.8
3,83,-1448427
3,84,-1448358.2
3,85,-1448396
3,86,-1448419.2
3,87,-1448297
3,88,-1448269
3,89,-1448124.6
3,90,-1448078.2
3,91,-1448026.2
3,92,-1447973.5
3,93,-1447926.9
3,94,-1447980.5
3,95,-1447742.5
3,96,-1447826.2
3,97,-1447885.4
3,98,-1447878.5
3,99,-1447749.9
3,100,-1447682
3,101,-1447772.1
3,102,-1447588.2
3,103,-1447574.1
3,104,-1447608.2
3,105,-1447608
3,106,-1447514.1
3,107,-1447454.8
3,108,-1447392.6
3,109,-1447336
3,110,-1447299.6
3,111,-1447161.2
3,112,-1447232
3,113,-1447223.2
3,114,-1447176
3,115,-1447145.9
3,116,-1447007
3,117,-1447020
3,118,-1447010
3,119,-1446971
3,120,-1446969.9
3,121,-1446948
3,122,-1447099.5
3,123,-1447013.5
3,124,-1446847.8
3,125,-1446897
3,126,-1446891.4
3,127,-1446899.9
3,128,-1446840.8
3,129,-1446823.9
3,130,-1446791.5
3,131,-1446656
3,132,-1446619.9
3,133,-1446709.9
3,134,-1446607.9
3,135,-1446489.8
3,136,-1446718.8
3,137,-1446510.4
3,138,-1446654.8
3,139,-1446590.4
3,140,-1446403.2
3,141,-1446479
3,142,-1446504.6
3,143,-1446425.1
3,144,-1446382.2
3,145,-1446387.2
3,146,-1446410.8
3,147,-1446288.5
3,148,-1446250.5
3,149,-1446358
3,150,-1446220.1
3,151,-1446493.2
3,152,-1446282
3,153,-1446336.5
3,154,-1446302
3,155,-1446314.4
3,156,-1446399.8
3,157,-1446296.5
3,158,-1446277.2
3,159,-1446315.8
3,160,-1446274.5
3,161,-1446293.5
3,162,-1446214.8
3,163,-1446046
3,164,-1446059.1
3,165,-1446042.6
3,166,-1446044.1
3,167,-1445940.2
3,168,-1446135.8
3,169,-1446072.9
3,170,-1446021.2
3,171,-1446048.8
3,172,-1446075
3,173,-1446018
3,174,-1446050.9
3,175,-1446061
3,176,-1445982.2
3,177,-1446061.5
3,178,-1445889
3,179,-1445972.2
3,180,-1446010.8
3,181,-1446015.8
3,182,-1445770.9
3,183,-1445989
3,184,-1445909.2
3,185,-1445909.8
3,186,-1445899.8
3,187,-1445837.6
3,188,-1445926.1
3,189,-1445856.8
3,190,-1445870.2
3,191,-1445995.1
3,192,-1445823.2
3,193,-1446095.8
3,194,-1445865.2
3,195,-1445855.8
3,196,-1445837.5
3,197,-1445903.1
3,198,-1445848.8
3,199,-1445717.8
3,200,-1445993.5
4,0,
4,1,-1815173.9
4,2,-1560110.8
4,3,-1506015.1
4,4,-1484296.6
4,5,-1474706.2
4,6,-1469342.1
4,7,-1466058
4,8,-1463380.2
4,9,-1461530.6
4,10,-1460669
4,11,-1459836.8
4,12,-1459118
4,13,-1458245
4,14,-1457540
4,15,-1456908.8
4,16,-1456999.8
4,17,-1456453
4,18,-1456091.5
4,19,-1455961.9
4,20,-1455464.8
4,21,-1454867.8
4,22,-1455057
4,23,-1454450.1
4,24,-1454630.2
4,25,-1454240.9
4,26,-1453876
4,27,-1454232.8
4,28,-1453539.6
4,29,-1453205.8
4,30,-1453043.4
4,31,-1453029.2
4,32,-1452753
4,33,-1452595.5
4,34,-1452436.6
4,35,-1452411.2
4,36,-1452347.5
4,37,-1452124
4,38,-1452428.5
4,39,-1452014.2
4,40,-1452012.5
4,41,-1451802
4,42,-1451772.2
4,43,-1451689.5
4,44,-1451396.4
4,45,-1451293.2
4,46,-1451249.8
4,47,-1451223.5
4,48,-1450894.6
4,49,-1450965.2
4,50,-1450964
4,51,-1450970.8
4,52,-1450791.2
4,53,-1450422.9
4,54,-1450435
4,55,-1450406.6
4,56,-1450177.8
4,57,-1450281.9
4,58,-1450308.2
4,59,-1450152.2
4,60,-1449904.1
4,61,-1450103.4
4,62,-1449698.5
4,63,-1449643
4,64,-1449851.2
4,65,-1449626
4,66,-1449666.4
4,67,-1449691.6
4,68,-1449742.8
4,69,-1449528.5
4,70,-1449330
4,71,-1449453.4
4,72,-1449311.4
4,73,-1449157.4
4,74,-1449104.4
4,75,-1448871
4,76,-1448804
4,77,-1448977.2
4,78,-1448775
4,79,-1448834.5
4,80,-1448696.5
4,81,-1448557.1
4,82,-1448453.8
4,83,-1448523.9
4,84,-1448464
4,85,-1448518.1
4,86,-1448457.9
4,87,-1448414.8
4,88,-1448509.2
4,89,-1448214.5
4,90,-1448280.2
4,91,-1448188.2
4,92,-1447979.8
4,93,-1447990.2
4,94,-1447812.2
4,95,-1447776.4
4,96,-1447819.8
4,97,-1447823.9
4,98,-1447708.2
4,99,-1447727.1
4,100,-1447732.2
4,101,-1447685.2
4,102,-1447781.2
4,103,-1447525.2
4,104,-1447489.1
4,105,-1447564.4
4,106,-1447469.1
4,107,-1447536.9
4,108,-1447514.8
4,109,-1447346.5
4,110,-1447521.8
4,111,-1447304.2
4,112,-1447330
4,113,-1447348.5
4,114,-1447440.1
4,115,-1447434.2
4,116,-1447314.2
4,117,-1447193.5
4,118,-1447348
4,119,-1447207.2
4,120,-1447210.8
4,121,-1446976.8
4,122,-1446923.6
4,123,-1446995.9
4,124,-1446996.6
4,125,-1446908.2
4,126,-1447071.6
4,127,-1447028
4,128,-1446913.5
4,129,-1446869.6
4,130,-1446827.2
4,131,-1446746
4,132,-1446774.8
4,133,-1446813.1
4,134,-1446701.8
4,135,-1446591.1
4,136,-1446768.4
4,137,-1446501.2
4,138,-1446665.4
4,139,-1446596.5
4,140,-1446560.5
4,141,-1446462
4,142,-1446329.4
4,143,-1446645.2
4,144,-1446473.2
4,145,-1446633
4,146,-1446596.8
4,147,-1446447.6
4,148,-1446455.6
4,149,-1446374.2
4,150,-1446404.8
4,151,-1446367.5
4,152,-1446313.6
4,153,-1446307
4,154,-1446422.8
4,155,-1446268.9
4,156,-1446277.5
4,157,-1446283.5
4,158,-1446310.8
4,159,-1446251.2
4,160,-1446117
4,161,-1446031.2
4,162,-1446129.8
4,163,-1446269
4,164,-1446081.2
4,165,-1446180.4
4,166,-1446022.2
4,167,-1446093.9
4,168,-1446065.2
4,169,-1446146.8
4,170,-1446070.5
4,171,-1446084.8
4,172,-1446094
4,173,-1446075.9
4,174,-1446032.5
4,175,-1445890.5
4,176,-1445979.9
4,177,-1445906.4
4,178,-1445915.9
4,179,-1446007.2
4,180,-1445898
4,181,-1446013.6
4,182,-1445898.5
4,183,-1445916.9
4,184,-1445925.6
4,185,-1445956
4,186,-1445707.2
4,187,-1445869.8
4,188,-1445774.9
4,189,-1445878.5
4,190,-1445868
4,191,-1446040.5
4,192,-1445782
4,193,-1445799
4,194,-1445895.2
4,195,-1445890
4,196,-1445816.5
4,197,-1445832.6
4,198,-1445726
4,199,-1445842.8
4,200,-1445947.8
5,0,
5,1,-1878180
5,2,-1580534.9
5,3,-1507721.6
5,4,-1485450.2
5,5,-1476159
5,6,-1470502.8
5,7,-1467560
5,8,-1465312.2
5,9,-1464199.8
5,10,-1462443.8
5,11,-1461943.8
5,12,-1461135.1
5,13,-1460940.8
5,14,-1460050.5
5,15,-1458721.6
5,16,-1458785.9
5,17,-1457929.5
5,18,-1457405.2
5,19,-1457273.1
5,20,-1457197.8
5,21,-1456882.2
5,22,-1456644.4
5,23,-1455969.4
5,24,-1455365
5,25,-1455308.4
5,26,-1454951.1
5,27,-1455439
5,28,-1455195.5
5,29,-1454414.5
5,30,-1454958.5
5,31,-1455095.4
5,32,-1454908.1
5,33,-1454558.5
5,34,-1454202.5
5,35,-1453711.5
5,36,-1454005.1
5,37,-1453742.2
5,38,-1453515.8
5,39,-1453617.6
5,40,-1453107.8
5,41,-1453088.6
5,42,-1453057.9
5,43,-1452638.8
5,44,-1452447.8
5,45,-1452701.9
5,46,-1452581.1
5,47,-1452686.4
5,48,-1452357.1
5,49,-1452178.5
5,50,-1452167.1
5,51,-1452221.2
5,52,-1452187.6
5,53,-1451768.2
5,54,-1452241
5,55,-1451692.8
5,56,-1451576.5
5,57,-1451307.8
5,58,-1451284.2
5,59,-1451081
5,60,-1451041.9
5,61,-1450860.4
5,62,-1450684.5
5,63,-1450679
5,64,-1450661
5,65,-1450608.8
5,66,-1450391.5
5,67,-1450151.9
5,68,-1450360.2
5,69,-1450462.9
5,70,-1450452.1
5,71,-1450363.5
5,72,-1450020.8
5,73,-1449834
5,74,-1449988
5,75,-1449761.8
5,76,-1449785.8
5,77,-1449548.6
5,78,-1449721.2
5,79,-1449477.9
5,80,-1449686.4
5,81,-1449444.1
5,82,-1449657.5
5,83,-1449558.5
5,84,-1449720.1
5,85,-1449487.8
5,86,-1449501.5
5,87,-1449361.9
5,88,-1449479.8
5,89,-1449306.2
5,90,-1449152.1
5,91,-1448977.1
5,92,-1449318.8
5,93,-1448686
5,94,-1448578.5
5,95,-1448520.8
5,96,-1448510.5
5,97,-1448736.8
5,98,-1448416.2
5,99,-1448539.8
5,100,-1448495.5
5,101,-1448294.8
5,102,-1448017.5
5,103,-1448118
5,104,-1447961.8
5,105,-1448027.5
5,106,-1448090.5
5,107,-1448156.9
5,108,-1448164.8
5,109,-1447893.5
5,110,-1447858.6
5,111,-1447808.5
5,112,-1447744.1
5,113,-1447814.2
5,114,-1447753
5,115,-1447817.5
5,116,-1447536.2
5,117,-1447705.1
5,118,-1447812.5
5,119,-1447666
5,120,-1447528.5
5,121,-1447497.8
5,122,-1447794.2
5,123,-1447597.8
5,124,-1447468.1
5,125,-1447250.8
5,126,-1447353.9
5,127,-1447434.1
5,128,-1447458.5
5,129,-1447382.2
5,130,-1447168.5
5,131,-1447346.8
5,132,-1447406
5,133,-1447385.8
5,134,-1447282.8
5,135,-1447460
5,136,-1447473.8
5,137,-1447241
5,138,-1447325.9
5,139,-1447270.8
5,140,-1447088.9
5,141,-1447287.6
5,142,-1447225.5
5,143,-1447144.8
5,144,-1447198.9
5,145,-1446800.8
5,146,-1447052
5,147,-1447048.4
5,148,-1447020
5,149,-1446922.4
5,150,-1446817.8
5,151,-1446765.1
5,152,-1446872.2
5,153,-1446732.5
5,154,-1446546.6
5,155,-1446434.9
5,156,-1446735.5
5,157,-1446758.2
5,158,-1446677.2
5,159,-1446607
5,160,-1446607.9
5,161,-1446558.2
5,162,-1446433.6
5,163,-1446690
5,164,-1446468.2
5,165,-1446315.2
5,166,-1446438.8
5,167,-1446446
5,168,-1446502
5,169,-1446443.1
5,170,-1446420.2
5,171,-1446430.2
5,172,-1446232.8
5,173,-1446406.8
5,174,-1446198
5,175,-1446373.2
5,176,-1446287.8
5,177,-1446320.5
5,178,-1446257.8
5,179,-1446271.5
5,180,-1446242.5
5,181,-1446244.6
5,182,-1446249.1
5,183,-1446312.2
5,184,-1446027.1
5,185,-1446406
5,186,-1446193.8
5,187,-1446349
5,188,-1446124
5,189,-1445911.1
5,190,-1446189.2
5,191,-1446278.8
5,192,-1445955.8
5,193,-1445971.5
5,194,-1446141.5
5,195,-1446120.2
5,196,-1445951.5
5,197,-1446107.2
5,198,-1446018.2
5,199,-1446218.1
5,200,-1446163.8
6,0,
6,1,-1852941.4
6,2,-1567379.4
6,3,-1508115.5
6,4,-1484487.2
6,5,-1475199.1
6,6,-1469265.9
6,7,-1465362.1
6,8,-1463055.5
6,9,-1461203.2
6,10,-1459740
6,11,-1459125.6
6,12,-1458332.1
6,13,-1457852.2
6,14,-1457359.6
6,15,-1457056
6,16,-1456472.1
6,17,-1456361.5
6,18,-1455819.6
6,19,-1455324.5
6,20,-1454958.2
6,21,-1454579.9
6,22,-1454307
6,23,-1453994.6
6,24,-1453998.2
6,25,-1453947.6
6,26,-1453628.4
6,27,-1453332.8
6,28,-1452907.5
6,29,-1452925.4
6,30,-1452605.6
6,31,-1452338.2
6,32,-1452347.8
6,33,-1452245.8
6,34,-1452198
6,35,-1452610.8
6,36,-1451900.2
6,37,-1451827.8
6,38,-1451920.8
6,39,-1451484.8
6,40,-1451258.5
6,41,-1451424
6,42,-1451013.4
6,43,-1450789.6
6,44,-1450923.1
6,45,-1450726.2
6,46,-1450625.5
6,47,-1450586.8
6,48,-1450570.4
6,49,-1450434.5
6,50,-1450254.8
6,51,-1450254.4
6,52,-1450286
6,53,-1450160.8
6,54,-1449859
6,55,-1449806.1
6,56,-1449873.1
6,57,-1449565.1
6,58,-1449571
6,59,-1449435.5
6,60,-1449463.8
6,61,-1449412.1
6,62,-1449330.2
6,63,-1449144.4
6,64,-1449156.4
6,65,-1449130.6
6,66,-1449009.2
6,67,-1448957
6,68,-1448806.1
6,69,-1448948.2
6,70,-1448755
6,71,-1448789.8
6,72,-1448625.2
6,73,-1448504.2
6,74,-1448426.5
6,75,-1448510.4
6,76,-1448474.2
6,77,-1448397.4
6,78,-1448320.8
6,79,-1448150.4
6,80,-1448162.5
6,81,-1448257
6,82,-1448010.5
6,83,-1447905.2
6,84,-1447994.8
6,85,-1448047.5
6,86,-1448019.1
6,87,-1447991.8
6,88,-1448030.6
6,89,-1447867.8
6,90,-1447757.6
6,91,-1447778.9
6,92,-1447699.9
6,93,-1447660.4
6,94,-1447552.5
6,95,-1447563.8
6,96,-1447469.8
6,97,-1447436.4
6,98,-1447601
6,99,-1447370.6
6,100,-1447322.6
6,101,-1447325.8
6,102,-1447242.1
6,103,-1447237.9
6,104,-1447306.6
6,105,-1447285.5
6,106,-1447122.9
6,107,-1447429.9
6,108,-1447561.6
6,109,-1447355.9
6,110,-1447230.2
6,111,-1447113
6,112,-1447102
6,113,-1447036.4
6,114,-1446955.5
6,115,-1446981.4
6,116,-1446978.2
6,117,-1446824.2
6,118,-1447018.5
6,119,-1446952.5
6,120,-1446996.8
6,121,-1447094.8
6,122,-1446814.4
6,123,-1446898.6
6,124,-1446768.5
6,125,-1446606.4
6,126,-1446754.5
6,127,-1446754
6,128,-1446647
6,129,-1446655
6,130,-1446715.8
6,131,-1446673.2
6,132,-1446601.5
6,133,-1446567
6,134,-1446395.9
6,135,-1446513.2
6,136,-1446497
6,137,-1446499.5
6,138,-1446338.5
6,139,-1446290.1
6,140,-1446373.2
6,141,-1446323.5
6,142,-1446292.5
6,143,-1446433.5
6,144,-1446275.9
6,145,-1446356.8
6,146,-1446296.6
6,147,-1446227.9
6,148,-1446161
6,149,-1446206.5
6,150,-1446317.1
6,151,-1446121.9
6,152,-1446045.8
6,153,-1446027.4
6,154,-1445960
6,155,-1446125
6,156,-1446083.2
6,157,-1446155.9
6,158,-1446054
6,159,-1446118
6,160,-1446104.4
6,161,-1445934.4
6,162,-1445939.8
6,163,-1446084.8
6,164,-1446030.9
6,165,-1446032.5
6,166,-1445945.8
6,167,-1445914.8
6,168,-1446000.2
6,169,-1445915.6
6,170,-1446111.6
6,171,-1445908
6,172,-1446004.9
6,173,-1446099
6,174,-1445998.1
6,175,-1445963.2
6,176,-1445846
6,177,-1445890.6
6,178,-1445835.5
6,179,-1445965.1
6,180,-1445867
6,181,-1446103.2
6,182,-1445850.9
6,183,-1446000.6
6,184,-1445869.2
6,185,-1445863.5
6,186,-1445864.4
6,187,-1445866
6,188,-1445735.8
6,189,-1445787.5
6,190,-1445745.8
6,191,-1445791.5
6,192,-1445935.2
6,193,-1445799.4
6,194,-1445725.1
6,195,-1445915.8
6,196,-1445703.4
6,197,-1445577.6
6,198,-1445727.8
6,199,-1445724.1
6,200,-1445581.6
7,0,
7,1,-1837815.8
7,2,-1566047.2
7,3,-1507624.6
7,4,-1484110.8
7,5,-1472972
7,6,-1467654.2
7,7,-1464464.1
7,8,-1462221.9
7,9,-1460811.8
7,10,-1459688.4
7,11,-1459040.8
7,12,-1458228.1
7,13,-1457412.5
7,14,-1456971.8
7,15,-1456641.5
7,16,-1456025.9
7,17,-1455727.5
7,18,-1455188.2
7,19,-1454657.5
7,20,-1454382
7,21,-1454054.4
7,22,-1453629.6
7,23,-1453419
7,24,-1453354.8
7,25,-1453310.6
7,26,-1452950.8
7,27,-1452918.9
7,28,-1452414.4
7,29,-1452313
7,30,-1452355
7,31,-1452173.4
7,32,-1452036
7,33,-1451900.5
7,34,-1451697.1
7,35,-1451820.1
7,36,-1451599.9
7,37,-1451422.5
7,38,-1451167.8
7,39,-1451107
7,40,-1451030.5
7,41,-1450847
7,42,-1450859.2
7,43,-1450819.2
7,44,-1450729.2
7,45,-1450756.9
7,46,-1450627.4
7,47,-1450621
7,48,-1450332.9
7,49,-1450539
7,50,-1450251.1
7,51,-1450291.1
7,52,-1450137.5
7,53,-1450041
7,54,-1449972
7,55,-1449885.5
7,56,-1449710
7,57,-1449684.5
7,58,-1449555.8
7,59,-1449549.2
7,60,-1449509.6
7,61,-1449553.6
7,62,-1449362.5
7,63,-1449352.2
7,64,-1449322.1
7,65,-1449132.9
7,66,-1448909.5
7,67,-1448957.9
7,68,-1448946.2
7,69,-1448847.6
7,70,-1448741
7,71,-1448625.8
7,72,-1448625.2
7,73,-1448599.8
7,74,-1448475.9
7,75,-1448513.2
7,76,-1448428.1
7,77,-1448491
7,78,-1448378.5
7,79,-1448207.5
7,80,-1448196.1
7,81,-1448054.8
7,82,-1448119.5
7,83,-1447993
7,84,-1447828
7,85,-1448001
7,86,-1447966
7,87,-1447826.9
7,88,-1447866.5
7,89,-1447867.5
7,90,-1447853.8
7,91,-1447715.5
7,92,-1447781
7,93,-1447675.5
7,94,-1447569.4
7,95,-1447625.5
7,96,-1447410.8
7,97,-1447539.2
7,98,-1447536
7,99,-1447541.2
7,100,-1447471.5
7,101,-1447373.1
7,102,-1447266.6
7,103,-1447368.5
7,104,-1447114
7,105,-1447129.2
7,106,-1447029.9
7,107,-1447116.9
7,108,-1446927.5
7,109,-1447009
7,110,-1446943.5
7,111,-1446906.2
7,112,-1446821.1
7,113,-1446792.1
7,114,-1446995
7,115,-1446798.8
7,116,-1446738.8
7,117,-1446613.8
7,118,-1446727.9
7,119,-1446645.4
7,120,-1446575.6
7,121,-1446785.5
7,122,-1446631
7,123,-1446517.8
7,124,-1446473.4
7,125,-1446450.5
7,126,-1446436.2
7,127,-1446378.8
7,128,-1446468
7,129,-1446465.8
7,130,-1446410.8
7,131,-1446348
7,132,-1446303.2
7,133,-1446399.4
7,134,-1446337.9
7,135,-1446441.2
7,136,-1446193.8
7,137,-1446213.2
7,138,-1446313.8
7,139,-1446190.9
7,140,-1446201.8
7,141,-1446211.8
7,142,-1446173.5
7,143,-1446174.6
7,144,-1446149.9
7,145,-1446174.9
7,146,-1446158.8
7,147,-1446090.8
7,148,-1445999
7,149,-1446055.2
7,150,-1445965.9
7,151,-1446155.2
7,152,-1445960.5
7,153,-1445878.8
7,154,-1445968.6
7,155,-1445933.1
7,156,-1446007.5
7,157,-1445940.5
7,158,-1445860.8
7,159,-1446023.1
7,160,-1445981.8
7,161,-1445767.8
7,162,-1445861
7,163,-1445953
7,164,-1445829.2
7,165,-1445754.4
7,166,-1445801
7,167,-1445685.9
7,168,-1445794
7,169,-1445709.2
7,170,-1445703.4
7,171,-1445779.4
7,172,-1445741.2
7,173,-1445887.6
7,174,-1445735.1
7,175,-1445658.5
7,176,-1445696.2
7,177,-1445711.8
7,178,-1445661.8
7,179,-1445589.5
7,180,-1445711.6
7,181,-1445681.4
7,182,-1445623.2
7,183,-1445664.5
7,184,-1445576.8
7,185,-1445704.9
7,186,-1445542.2
7,187,-1445531.2
7,188,-1445586.4
7,189,-1445531.8
7,190,-1445534
7,191,-1445460.2
7,192,-1445444.6
7,193,-1445547
7,194,-1445575
7,195,-1445411.1
7,196,-1445531.2
7,197,-1445508.8
7,198,-1445438.1
7,199,-1445415.6
7,200,-1445456
8,0,
8,1,-1832065.4
8,2,-1569022.5
8,3,-1508304.2
8,4,-1486013.4
8,5,-1475113.9
8,6,-1469477.5
8,7,-1466929.9
8,8,-1464756.5
8,9,-1462027.8
8,10,-1460879.6
8,11,-1459826
8,12,-1458942.2
8,13,-1458649
8,14,-1457471.4
8,15,-1456823.2
8,16,-1456470.8
8,17,-1456069.2
8,18,-1455535.1
8,19,-1455446.2
8,20,-1455249.8
8,21,-1454774.8
8,22,-1454541.4
8,23,-1454049.5
8,24,-1453909.9
8,25,-1453946.5
8,26,-1453776.9
8,27,-1453571.2
8,28,-1453475.4
8,29,-1453522.1
8,30,-1453253.5
8,31,-1452856.5
8,32,-1452925.8
8,33,-1452462.8
8,34,-1452537.2
8,35,-1452060
8,36,-1451865.2
8,37,-1451656.5
8,38,-1451774.2
8,39,-1451762.1
8,40,-1451514.5
8,41,-1451309
8,42,-1451296.8
8,43,-1451173.5
8,44,-1451413.5
8,45,-1451015
8,46,-1451013.6
8,47,-1450683.2
8,48,-1450595
8,49,-1450684.2
8,50,-1450589.9
8,51,-1450485
8,52,-1450293.8
8,53,-1450348
8,54,-1450270.8
8,55,-1450177.4
8,56,-1450108.2
8,57,-1450067.8
8,58,-1450073.6
8,59,-1450151.8
8,60,-1450076.5
8,61,-1450146.8
8,62,-1449587.2
8,63,-1449791.2
8,64,-1449490.5
8,65,-1449490.2
8,66,-1449319.6
8,67,-1449349.5
8,68,-1449417.2
8,69,-1449099.5
8,70,-1449036.8
8,71,-1449029.5
8,72,-1448907
8,73,-1449172.4
8,74,-1448994.8
8,75,-1448798.6
8,76,-1448754.8
8,77,-1448809.4
8,78,-1448674.6
8,79,-1448682.2
8,80,-1448812.8
8,81,-1448447.1
8,82,-1448561.4
8,83,-1448318.6
8,84,-1448353.1
8,85,-1448447.6
8,86,-1448248.8
8,87,-1448279.5
8,88,-1448171.6
8,89,-1448143.2
8,90,-1448082.1
8,91,-1448110.9
8,92,-1447938.5
8,93,-1447981.4
8,94,-1447938.9
8,95,-1448004.4
8,96,-1447855.2
8,97,-1447791.5
8,98,-1447820.6
8,99,-1447889.4
8,100,-1447823.2
8,101,-1447666.4
8,102,-1447499.2
8,103,-1447537
8,104,-1447613.9
8,105,-1447498.8
8,106,-1447592
8,107,-1447443.8
8,108,-1447429.1
8,109,-1447331.2
8,110,-1447383.4
8,111,-1447381.9
8,112,-1447196.1
8,113,-1447235.8
8,114,-1447118.8
8,115,-1447210
8,116,-1447203.2
8,117,-1447020.8
8,118,-1447081.4
8,119,-1447052
8,120,-1446940.6
8,121,-1446874.5
8,122,-1446881.2
8,123,-1446979.2
8,124,-1446952
8,125,-1446833.8
8,126,-1446781
8,127,-1446905
8,128,-1446790.5
8,129,-1446706.2
8,130,-1446713.1
8,131,-1446698.5
8,132,-1446664.2
8,133,-1446587.5
8,134,-1446710.8
8,135,-1446754.5
8,136,-1446723
8,137,-1446613.5
8,138,-1446654.5
8,139,-1446557.4
8,140,-1446533.1
8,141,-1446720.9
8,142,-1446710.5
8,143,-1446719
8,144,-1446365.4
8,145,-1446635.5
8,146,-1446600
8,147,-1446309.1
8,148,-1446333.6
8,149,-1446389.5
8,150,-1446327.9
8,151,-1446339.5
8,152,-1446394.4
8,153,-1446303.8
8,154,-1446271.5
8,155,-1446518.1
8,156,-1446385.2
8,157,-1446462.4
8,158,-1446280.8
8,159,-1446295.5
8,160,-1446305.8
8,161,-1446244
8,162,-1446374.9
8,163,-1446354.9
8,164,-1446342.5
8,165,-1446024
8,166,-1446117.4
8,167,-1446054.2
8,168,-1446196.2
8,169,-1446124.5
8,170,-1446027.1
8,171,-1446179.4
8,172,-1446141.8
8,173,-1446151.2
8,174,-1446195.2
8,175,-1446034.5
8,176,-1445970.4
8,177,-1446151
8,178,-1446067.1
8,179,-1445960.2
8,180,-1445950.8
8,181,-1446079
8,182,-1446007.9
8,183,-1446127.2
8,184,-1446076.2
8,185,-1446146.5
8,186,-1446054.4
8,187,-1445945.5
8,188,-1445903.8
8,189,-1446007
8,190,-1445975.2
8,191,-1446106
8,192,-1445996.2
8,193,-1445985.4
8,194,-1445910.5
8,195,-1445880.9
8,196,-1445931.4
8,197,-1445926.5
8,198,-1446035.6
8,199,-1445865.9
8,200,-1446058.5
9,0,
9,1,-1822501.5
9,2,-1557400
9,3,-1502552.4
9,4,-1482242.6
9,5,-1473150.9
9,6,-1467238.8
9,7,-1464467.6
9,8,-1462476.5
9,9,-1460713.5
9,10,-1459814.5
9,11,-1458960.2
9,12,-1458399
9,13,-1457598
9,14,-1457095.6
9,15,-1456499
9,16,-1456046.2
9,17,-1455620.8
9,18,-1455258.2
9,19,-1454946.8
9,20,-1454568.6
9,21,-1454653.6
9,22,-1454279
9,23,-1454126
9,24,-1453770.9
9,25,-1453523.5
9,26,-1453493.5
9,27,-1453286
9,28,-1453036.8
9,29,-1452889
9,30,-1452637.1
9,31,-1452708.2
9,32,-1452359
9,33,-1452411.9
9,34,-1452300.1
9,35,-1452136.4
9,36,-1451903.5
9,37,-1451696
9,38,-1451657
9,39,-1451565.8
9,40,-1451456.1
9,41,-1451223
9,42,-1451184.4
9,43,-1451045.5
9,44,-1450950.5
9,45,-1451158.5
9,46,-1451107.8
9,47,-1450980.8
9,48,-1450883.9
9,49,-1450595
9,50,-1450481
9,51,-1450505.5
9,52,-1450254.4
9,53,-1450182
9,54,-1450611.1
9,55,-1450372.5
9,56,-1449987.8
9,57,-1449913.2
9,58,-1449757
9,59,-1449850.5
9,60,-1449700.4
9,61,-1449631.5
9,62,-1449540.5
9,63,-1449568.5
9,64,-1449494.9
9,65,-1449186.5
9,66,-1449269.2
9,67,-1449139.5
9,68,-1449148.1
9,69,-1449078.8
9,70,-1449087.9
9,71,-1449040.8
9,72,-1448968.5
9,73,-1449003.5
9,74,-1448726.9
9,75,-1448685.5
9,76,-1448617.9
9,77,-1448690.5
9,78,-1448625.8
9,79,-1448530.8
9,80,-1448516.2
9,81,-1448418.5
9,82,-1448364
9,83,-1448359
9,84,-1448270.8
9,85,-1448177.4
9,86,-1448061.1
9,87,-1448048
9,88,-1448018.8
9,89,-1447962.5
9,90,-1447856.8
9,91,-1447902.9
9,92,-1447818.6
9,93,-1447732.8
9,94,-1447630.5
9,95,-1447611.5
9,96,-1447655.2
9,97,-1447757
9,98,-1447543
9,99,-1447510
9,100,-1447467.5
9,101,-1447428.2
9,102,-1447544.5
9,103,-1447298.8
9,104,-1447284.9
9,105,-1447383
9,106,-1447255.8
9,107,-1447287.1
9,108,-1447284.8
9,109,-1447262
9,110,-1447258.8
9,111,-1447144.5
9,112,-1447126.1
9,113,-1447040.9
9,114,-1447079.5
9,115,-1446985.4
9,116,-1447001.5
9,117,-1446970.8
9,118,-1446832.8
9,119,-1446904.9
9,120,-1446855.2
9,121,-1446816.1
9,122,-1446937.5
9,123,-1446676.1
9,124,-1446764
9,125,-1446800.4
9,126,-1446714.5
9,127,-1446699
9,128,-1446692.5
9,129,-1446779.8
9,130,-1446730.5
9,131,-1446567.8
9,132,-1446647.2
9,133,-1446601.8
9,134,-1446672.2
9,135,-1446451.5
9,136,-1446511.8
9,137,-1446691
9,138,-1446475.2
9,139,-1446451.5
9,140,-1446525.2
9,141,-1446512.6
9,142,-1446321.5
9,143,-1446304
9,144,-1446431.8
9,145,-1446346.2
9,146,-1446355.5
9,147,-1446263
9,148,-1446353.8
9,149,-1446283.8
9,150,-1446302.1
9,151,-1446184
9,152,-1446300
9,153,-1446059.4
9,154,-1446207
9,155,-1446326.2
9,156,-1446150.2
9,157,-1446203.2
9,158,-1446207.4
9,159,-1446127
9,160,-1446074.8
9,161,-1445992
9,162,-1446072.5
9,163,-1446005.4
9,164,-1446008.2
9,165,-1445985.8
9,166,-1445924.5
9,167,-1445893.5
9,168,-1445915.2
9,169,-1445958
9,170,-1445882.2
9,171,-1445904.8
9,172,-1445903.8
9,173,-1445901.2
9,174,-1445917.9
9,175,-1445888
9,176,-1445802.1
9,177,-1445966
9,178,-1445759.2
9,179,-1445822.8
9,180,-1445827.5
9,181,-1445735.2
9,182,-1445923.8
9,183,-1445793.5
9,184,-1445757.8
9,185,-1445743.1
9,186,-1445693.8
9,187,-1445873.1
9,188,-1445744.5
9,189,-1445724.8
9,190,-1445762.8
9,191,-1445684.5
9,192,-1445560.8
9,193,-1445701.2
9,194,-1445772
9,195,-1445697
9,196,-1445700
9,197,-1445737
9,198,-1445635.8
9,199,-1445697
9,200,-1445571
10,0,
10,1,-1806344
10,2,-1554471
10,3,-1503016.2
10,4,-1482189
10,5,-1472781
10,6,-1467647.1
10,7,-1464721.2
10,8,-1462472
10,9,-1461125
10,10,-1459745.8
10,11,-1459159.2
10,12,-1458549.4
10,13,-1457693.5
10,14,-1456982.1
10,15,-1456653.6
10,16,-1456180.2
10,17,-1455744.5
10,18,-1455314.9
10,19,-1455054.2
10,20,-1454761
10,21,-1454500
10,22,-1454137.5
10,23,-1453942.6
10,24,-1454051.5
10,25,-1453688.5
10,26,-1453589.8
10,27,-1453154.9
10,28,-1453120.5
10,29,-1453079
10,30,-1452874
10,31,-1452721
10,32,-1452557
10,33,-1452230.5
10,34,-1452148.9
10,35,-1451967.8
10,36,-1451797.2
10,37,-1452024.5
10,38,-1451616.2
10,39,-1451510.1
10,40,-1451326.5
10,41,-1451325.6
10,42,-1451253.8
10,43,-1451243
10,44,-1450896.2
10,45,-1450939
10,46,-1450844.2
10,47,-1450531
10,48,-1450542.1
10,49,-1450390
10,50,-1450570.9
10,51,-1450229.4
10,52,-1450324.2
10,53,-1450165.8
10,54,-1450192.2
10,55,-1449861.2
10,56,-1449788.2
10,57,-1449770.8
10,58,-1449615.8
10,59,-1449704.8
10,60,-1449650.6
10,61,-1449544.2
10,62,-1449498.2
10,63,-1449388.2
10,64,-1449308.6
10,65,-1449222.9
10,66,-1449334
10,67,-1449150.8
10,68,-1449324
10,69,-1449037.2
10,70,-1449003.2
10,71,-1449148.2
10,72,-1449033.5
10,73,-1449039.5
10,74,-1448872.1
10,75,-1448893.5
10,76,-1448739.5
10,77,-1448641.6
10,78,-1448578.8
10,79,-1448423.2
10,80,-1448654.8
10,81,-1448577.2
10,82,-1448801
10,83,-1448504.2
10,84,-1448326.2
10,85,-1448412.5
10,86,-1448410.6
10,87,-1448183.8
10,88,-1448107.5
10,89,-1448068.4
10,90,-1447974.8
10,91,-1448086
10,92,-1448031.9
10,93,-1448044
10,94,-1447880.5
10,95,-1447940.8
10,96,-1447757.5
10,97,-1447774.1
10,98,-1447674.1
10,99,-1447565.8
10,100,-1447616.4
10,101,-1447517.1
10,102,-1447558.4
10,103,-1447313.8
10,104,-1447331.2
10,105,-1447570.2
10,106,-1447333.2
10,107,-1447383
10,108,-1447295.8
10,109,-1447265.1
10,110,-1447222.8
10,111,-1447381.1
10,112,-1447450.8
10,113,-1447413.2
10,114,-1447182.4
10,115,-1447104
10,116,-1447119.2
10,117,-1447036
10,118,-1446893.1
10,119,-1446962.8
10,120,-1446956.6
10,121,-1446839.8
10,122,-1446935.2
10,123,-1446951.2
10,124,-1446836.8
10,125,-1446820.1
10,126,-1446717
10,127,-1446656.6
10,128,-1446765.2
10,129,-1446635.8
10,130,-1446671
10,131,-1446579
10,132,-1446777.9
10,133,-1446659.9
10,134,-1446738.8
10,135,-1446645
10,136,-1446612.6
10,137,-1446535.4
10,138,-1446611.2
10,139,-1446584.2
10,140,-1446513.2
10,141,-1446542.4
10,142,-1446406.6
10,143,-1446416.8
10,144,-1446295.5
10,145,-1446430
10,146,-1446379.2
10,147,-1446416.8
10,148,-1446525.8
10,149,-1446357.8
10,150,-1446327.6
10,151,-1446402.2
10,152,-1446034.5
10,153,-1446204.2
10,154,-1446163
10,155,-1446341.2
10,156,-1446156.8
10,157,-1446112.5
10,158,-1446202.5
10,159,-1446092
10,160,-1445987.8
10,161,-1445993
10,162,-1446103
10,163,-1446102.6
10,164,-1446069
10,165,-1446059.9
10,166,-1446022.8
10,167,-1446098.8
10,168,-1446029.5
10,169,-1445926.2
10,170,-1445753.2
10,171,-1445884.8
10,172,-1445851.8
10,173,-1445998.8
10,174,-1445980.2
10,175,-1445814
10,176,-1445849.2
10,177,-1445870.8
10,178,-1445901
10,179,-1445980.5
10,180,-1445813.2
10,181,-1445839.8
10,182,-1446034.4
10,183,-1445843.4
10,184,-1445861
10,185,-1445759.5
10,186,-1445816.9
10,187,-1445803.5
10,188,-1445872.8
10,189,-1445830.2
10,190,-1445822.5
10,191,-1445772.2
10,192,-1445752.5
10,193,-1445716
10,194,-1445716
10,195,-1445657.5
10,196,-1445746.5
10,197,-1445798.1
10,198,-1445662
10,199,-1445784.1
10,200,-1445636.2
11,0,
11,1,-1864693
11,2,-1585013.8
11,3,-1514374.2
11,4,-1487885.8
11,5,-1476428.1
11,6,-1469590.4
11,7,-1466854
11,8,-1465561.8
11,9,-1462072.5
11,10,-1461000.2
11,11,-1459617.5
11,12,-1459072.1
11,13,-1459329.2
11,14,-1457717.1
11,15,-1457572.9
11,16,-1457515
11,17,-1456536.2
11,18,-1456537.5
11,19,-1455753
11,20,-1454787.9
11,21,-1454938
11,22,-1454330.6
11,23,-1454343.1
11,24,-1454920
11,25,-1453823.1
11,26,-1454433.8
11,27,-1454003
11,28,-1454165.8
11,29,-1453532.6
11,30,-1453275.6
11,31,-1453062.8
11,32,-1452925
11,33,-1452969.4
11,34,-1452608.4
11,35,-1452233.2
11,36,-1452639.8
11,37,-1452570.5
11,38,-1452201
11,39,-1452517.2
11,40,-1451582.5
11,41,-1452006.2
11,42,-1451399.8
11,43,-1451257.9
11,44,-1450957
11,45,-1450868
11,46,-1450763.5
11,47,-1450907.8
11,48,-1450488.5
11,49,-1451123.6
11,50,-1450877.8
11,51,-1451202
11,52,-1450252
11,53,-1450760.8
11,54,-1450685.6
11,55,-1450527.5
11,56,-1450737.5
11,57,-1450850.8
11,58,-1450439.4
11,59,-1449946.2
11,60,-1449692.8
11,61,-1449447.5
11,62,-1449459.6
11,63,-1449573.6
11,64,-1449253.2
11,65,-1449391.2
11,66,-1449291
11,67,-1449291.2
11,68,-1449230.6
11,69,-1449199.8
11,70,-1449162.9
11,71,-1448895.5
11,72,-1448927.2
11,73,-1448904.8
11,74,-1448875.5
11,75,-1448802.8
11,76,-1448758.2
11,77,-1448619.2
11,78,-1448818.9
11,79,-1448540.8
11,80,-1448526.8
11,81,-1448545.1
11,82,-1448379.8
11,83,-1448292
11,84,-1448184.5
11,85,-1448044.9
11,86,-1448146.9
11,87,-1448146
11,88,-1448177.1
11,89,-1448172.6
11,90,-1448031.2
11,91,-1448137.2
11,92,-1448210.8
11,93,-1448056
11,94,-1448202
11,95,-1447911.2
11,96,-1448001.2
11,97,-1448034
11,98,-1447765.9
11,99,-1447852.8
11,100,-1447783.1
11,101,-1447778.8
11,102,-1447787.1
11,103,-1447753
11,104,-1447983.8
11,105,-1447751
11,106,-1447488.1
11,107,-1447405
11,108,-1447444
11,109,-1447546.4
11,110,-1447512.8
11,111,-1447469
11,112,-1447439.5
11,113,-1447525
11,114,-1447335.2
11,115,-1447365.5
11,116,-1447564
11,117,-1447096.9
11,118,-1447263.2
11,119,-1447085.2
11,120,-1446993.2
11,121,-1447058.8
11,122,-1446866.2
11,123,-1447023.5
11,124,-1446846.6
11,125,-1446874.4
11,126,-1446762.8
11,127,-1446849.5
11,128,-1446653.6
11,129,-1446784.4
11,130,-1446814.5
11,131,-1446739
11,132,-1446640
11,133,-1446625.8
11,134,-1446696.2
11,135,-1446512.5
11,136,-1446550.8
11,137,-1446578.5
11,138,-1446659.8
11,139,-1446514.6
11,140,-1446505.8
11,141,-1446593.6
11,142,-1446427.2
11,143,-1446391.8
11,144,-1446327
11,145,-1446367.2
11,146,-1446339.4
11,147,-1446331.2
11,148,-1446321.9
11,149,-1446447.4
11,150,-1446342.4
11,151,-1446235.4
11,152,-1446441
11,153,-1446251.8
11,154,-1446272.5
11,155,-1446183
11,156,-1446312
11,157,-1446264.2
11,158,-1446268.2
11,159,-1446200.4
11,160,-1446105.5
11,161,-1446056
11,162,-1446048.8
11,163,-1446014.2
11,164,-1446118.4
11,165,-1445956.2
11,166,-1445969.6
11,167,-1446130.8
11,168,-1446111.4
11,169,-1446046.5
11,170,-1445991.5
11,171,-1445928.5
11,172,-1445901
11,173,-1445880
11,174,-1445958.4
11,175,-1445777
11,176,-1445805.9
11,177,-1445909.2
11,178,-1445995.8
11,179,-1445985.9
11,180,-1445889.4
11,181,-1445813.2
11,182,-1445730.4
11,183,-1445888
11,184,-1445849.4
11,185,-1445914.1
11,186,-1445749.9
11,187,-1445806.2
11,188,-1445715.6
11,189,-1445723.5
11,190,-1445856.4
11,191,-1445867
11,192,-1445804.2
11,193,-1445915.4
11,194,-1445848.2
11,195,-1445797.2
11,196,-1445797.2
11,197,-1445627.9
11,198,-1445763
11,199,-1445692.6
11,200,-1445692.2
